{"cameraMode":{"drawMode":0,"name":"Shaded","section":"Shading Mode"},"sceneLighting":false,"audioPlay":false,"sceneViewState":{"showFog":true,"showMaterialUpdate":false,"showSkybox":true,"showFlares":true,"showImageEffects":true,"showParticleSystems":true},"in2DMode":false,"pivot":{"x":11.80003547668457,"y":17.947185516357423,"z":-23.12053680419922},"rotation":{"x":-0.17991197109222413,"y":0.00353351142257452,"z":-0.0006462739547714591,"w":-0.9836761355400086},"size":11.334260940551758,"orthographic":false}