{"cameraMode":{"drawMode":0,"name":"Shaded","section":"Shading Mode"},"sceneLighting":true,"audioPlay":false,"sceneViewState":{"showFog":true,"showMaterialUpdate":false,"showSkybox":true,"showFlares":true,"showImageEffects":true,"showParticleSystems":true},"in2DMode":false,"pivot":{"x":16.171871185302736,"y":25.37717628479004,"z":-19.03435516357422},"rotation":{"x":-0.24548284709453584,"y":-0.6898878216743469,"z":0.2710786759853363,"w":-0.6247473955154419},"size":291.7213439941406,"orthographic":false}