{"cameraMode":{"drawMode":0,"name":"Shaded","section":"Shading Mode"},"sceneLighting":false,"audioPlay":false,"sceneViewState":{"showFog":true,"showMaterialUpdate":false,"showSkybox":true,"showFlares":true,"showImageEffects":true,"showParticleSystems":true},"in2DMode":false,"pivot":{"x":353.272216796875,"y":29.502819061279298,"z":-239.4341278076172},"rotation":{"x":0.26850712299346926,"y":-0.19564934074878694,"z":0.055785033851861957,"w":0.9415484070777893},"size":5.298409938812256,"orthographic":false}