{"cameraMode":{"drawMode":0,"name":"Shaded","section":"Shading Mode"},"sceneLighting":true,"audioPlay":false,"sceneViewState":{"showFog":true,"showMaterialUpdate":false,"showSkybox":true,"showFlares":true,"showImageEffects":true,"showParticleSystems":true},"in2DMode":false,"pivot":{"x":-0.09241695702075958,"y":23.50293731689453,"z":-11.717097282409668},"rotation":{"x":-0.08088932931423187,"y":-0.8456119894981384,"z":0.13403436541557313,"w":-0.5103254914283752},"size":6.342537879943848,"orthographic":false}