{"cameraMode":{"drawMode":0,"name":"Shaded","section":"Shading Mode"},"sceneLighting":true,"audioPlay":false,"sceneViewState":{"showFog":true,"showMaterialUpdate":false,"showSkybox":true,"showFlares":true,"showImageEffects":true,"showParticleSystems":true},"in2DMode":false,"pivot":{"x":281.2560729980469,"y":189.28306579589845,"z":-17.597076416015626},"rotation":{"x":-0.15029123425483704,"y":-0.09005289524793625,"z":0.013750273734331131,"w":-0.9844358563423157},"size":394.4250183105469,"orthographic":false}