{"cameraMode":{"drawMode":0,"name":"Shaded","section":"Shading Mode"},"sceneLighting":true,"audioPlay":false,"sceneViewState":{"showFog":true,"showMaterialUpdate":false,"showSkybox":true,"showFlares":true,"showImageEffects":true,"showParticleSystems":true},"in2DMode":false,"pivot":{"x":36.9595947265625,"y":32.51942825317383,"z":-64.31187438964844},"rotation":{"x":-0.044570229947566989,"y":0.9193660616874695,"z":0.10917995870113373,"w":0.37531235814094546},"size":31.320268630981447,"orthographic":false}