{"cameraMode":{"drawMode":0,"name":"Shaded","section":"Shading Mode"},"sceneLighting":false,"audioPlay":false,"sceneViewState":{"showFog":true,"showMaterialUpdate":false,"showSkybox":true,"showFlares":true,"showImageEffects":true,"showParticleSystems":true},"in2DMode":false,"pivot":{"x":21.19558334350586,"y":17.277008056640626,"z":-23.719066619873048},"rotation":{"x":0.01508915051817894,"y":-0.9833556413650513,"z":0.09707298129796982,"w":0.15284296870231629},"size":3.671833038330078,"orthographic":false}