{"cameraMode":{"drawMode":0,"name":"Shaded","section":"Shading Mode"},"sceneLighting":false,"audioPlay":false,"sceneViewState":{"showFog":true,"showMaterialUpdate":false,"showSkybox":true,"showFlares":true,"showImageEffects":true,"showParticleSystems":true},"in2DMode":false,"pivot":{"x":-122.5610580444336,"y":17.16244125366211,"z":326.79449462890627},"rotation":{"x":0.18880343437194825,"y":-0.7820374965667725,"z":0.2826281189918518,"w":0.5223907232284546},"size":6.804624080657959,"orthographic":false}