{"cameraMode":{"drawMode":0,"name":"Shaded","section":"Shading Mode"},"sceneLighting":false,"audioPlay":false,"sceneViewState":{"showFog":true,"showMaterialUpdate":false,"showSkybox":true,"showFlares":true,"showImageEffects":true,"showParticleSystems":true},"in2DMode":false,"pivot":{"x":0.5013571977615356,"y":0.9052759408950806,"z":0.894749104976654},"rotation":{"x":-0.06882517784833908,"y":-0.8856171369552612,"z":0.13929228484630586,"w":-0.43765637278556826},"size":1.63331937789917,"orthographic":false}