{"cameraMode":{"drawMode":0,"name":"Shaded","section":"Shading Mode"},"sceneLighting":true,"audioPlay":false,"sceneViewState":{"showFog":true,"showMaterialUpdate":false,"showSkybox":true,"showFlares":true,"showImageEffects":true,"showParticleSystems":true},"in2DMode":false,"pivot":{"x":225.84609985351563,"y":20.245784759521486,"z":-258.8046569824219},"rotation":{"x":-0.09346212446689606,"y":0.23369280993938447,"z":-0.022573918104171754,"w":-0.9675447940826416},"size":20.06113052368164,"orthographic":false}