{"cameraMode":{"drawMode":0,"name":"Shaded","section":"Shading Mode"},"sceneLighting":false,"audioPlay":false,"sceneViewState":{"showFog":true,"showMaterialUpdate":false,"showSkybox":true,"showFlares":true,"showImageEffects":true,"showParticleSystems":true},"in2DMode":false,"pivot":{"x":351.3952941894531,"y":16.676464080810548,"z":-238.45997619628907},"rotation":{"x":0.15577617287635804,"y":-0.38939905166625979,"z":0.06700144708156586,"w":0.9053248167037964},"size":7.088261127471924,"orthographic":false}