{"cameraMode":{"drawMode":0,"name":"Shaded","section":"Shading Mode"},"sceneLighting":true,"audioPlay":false,"sceneViewState":{"showFog":true,"showMaterialUpdate":false,"showSkybox":true,"showFlares":true,"showImageEffects":true,"showParticleSystems":true},"in2DMode":false,"pivot":{"x":258.70001220703127,"y":225.72500610351563,"z":0.0},"rotation":{"x":0.09514890611171723,"y":-0.046524982899427417,"z":0.004449691157788038,"w":0.9943653345108032},"size":196.59327697753907,"orthographic":false}