{"cameraMode":{"drawMode":0,"name":"Shaded","section":"Shading Mode"},"sceneLighting":false,"audioPlay":false,"sceneViewState":{"showFog":true,"showMaterialUpdate":false,"showSkybox":true,"showFlares":true,"showImageEffects":true,"showParticleSystems":true},"in2DMode":false,"pivot":{"x":-27.69178009033203,"y":16.873435974121095,"z":139.06797790527345},"rotation":{"x":-0.0022653723135590555,"y":0.9935718774795532,"z":-0.1113448441028595,"w":-0.020299674943089486},"size":7.210045337677002,"orthographic":false}