{"cameraMode":{"drawMode":0,"name":"Shaded","section":"Shading Mode"},"sceneLighting":false,"audioPlay":false,"sceneViewState":{"showFog":true,"showMaterialUpdate":false,"showSkybox":true,"showFlares":true,"showImageEffects":true,"showParticleSystems":true},"in2DMode":false,"pivot":{"x":351.3952941894531,"y":16.676464080810548,"z":-238.45997619628907},"rotation":{"x":-0.2570025622844696,"y":-0.1081547886133194,"z":-0.028958192095160486,"w":0.9599030017852783},"size":7.088261127471924,"orthographic":false}