{"cameraMode":{"drawMode":0,"name":"Shaded","section":"Shading Mode"},"sceneLighting":false,"audioPlay":false,"sceneViewState":{"showFog":true,"showMaterialUpdate":false,"showSkybox":true,"showFlares":true,"showImageEffects":true,"showParticleSystems":true},"in2DMode":false,"pivot":{"x":382.1424865722656,"y":17.121013641357423,"z":-220.61813354492188},"rotation":{"x":-0.03253818303346634,"y":-0.6099724769592285,"z":-0.025090686976909639,"w":0.7913566827774048},"size":6.522793769836426,"orthographic":false}