{"cameraMode":{"drawMode":0,"name":"Shaded","section":"Shading Mode"},"sceneLighting":false,"audioPlay":false,"sceneViewState":{"showFog":true,"showMaterialUpdate":false,"showSkybox":true,"showFlares":true,"showImageEffects":true,"showParticleSystems":true},"in2DMode":false,"pivot":{"x":111.87767791748047,"y":88.19465637207031,"z":-16.99603843688965},"rotation":{"x":-0.02219747193157673,"y":-0.003028443781659007,"z":0.0000765898876124993,"w":-0.9997490048408508},"size":587.1401977539063,"orthographic":false}