{"cameraMode":{"drawMode":0,"name":"Shaded","section":"Shading Mode"},"sceneLighting":false,"audioPlay":false,"sceneViewState":{"showFog":true,"showMaterialUpdate":false,"showSkybox":true,"showFlares":true,"showImageEffects":true,"showParticleSystems":true},"in2DMode":false,"pivot":{"x":351.3716125488281,"y":15.955029487609864,"z":-238.09329223632813},"rotation":{"x":-0.2020007222890854,"y":-0.10524946451187134,"z":-0.021840928122401239,"w":0.9734686613082886},"size":7.088261127471924,"orthographic":false}